{
  "version": 1,
  "author": "Uri Shaked",
  "editor": "wokwi",
  "parts": [
    { "type": "wokwi-arduino-uno", "id": "uno", "top": 173.4, "left": 57, "attrs": {} },
    { "type": "wokwi-microsd-card", "id": "sd1", "top": 0.23, "left": -67.13, "attrs": {} },
    { "type": "wokwi-ds1307", "id": "rtc1", "top": 397.8, "left": 441.7, "attrs": {} },
    {
      "type": "wokwi-ds18b20",
      "id": "temp1",
      "top": 27.67,
      "left": 407.28,
      "attrs": { "temperature": "114.8" }
    },
    { "type": "wokwi-photoresistor-sensor", "id": "ldr1", "top": 108.8, "left": -76, "attrs": {} }
  ],
  "connections": [
    [ "ldr1:AO", "uno:A0", "green", [ "h268.8", "v229.7", "h9.6" ] ],
    [ "ldr1:GND", "uno:GND.1", "black", [ "h57.6", "v-0.4" ] ],
    [ "ldr1:VCC", "uno:5V", "red", [ "h316.8", "v297.6", "h-211.2" ] ],
    [ "temp1:DQ", "uno:2", "green", [ "v76.8", "h19.2" ] ],
    [ "sd1:CS", "uno:10", "green", [ "h0" ] ],
    [ "sd1:DO", "uno:12", "green", [ "h0" ] ],
    [ "sd1:DI", "uno:11", "green", [ "h0" ] ],
    [ "sd1:SCK", "uno:13", "green", [ "h0" ] ],
    [ "sd1:VCC", "uno:5V", "red", [ "h-96", "v336.14", "h201.6" ] ],
    [ "sd1:GND", "uno:GND.2", "black", [ "h57.6", "v-38.29", "h307.2", "v393.6", "h-240" ] ],
    [ "temp1:VCC", "uno:5V", "red", [ "v278.4", "h-57.6", "v105.6", "h-144" ] ],
    [ "rtc1:SCL", "uno:A5", "green", [ "h-115.2", "v-0.2" ] ],
    [ "rtc1:SDA", "uno:A4", "green", [ "h0" ] ],
    [ "rtc1:5V", "uno:5V", "red", [ "h0" ] ],
    [ "rtc1:GND", "uno:GND.2", "black", [ "h-220.8", "v-9.6" ] ],
    [ "temp1:GND", "uno:GND.3", "black", [ "v316.8", "h-172.8" ] ]
  ],
  "dependencies": {}
}